1;Амур белый;Относится к рыбам семейства карповых (Cyprinidae).<br/>В естественных условиях обитает в пресных водах Восточной Азии, от бассейна Амура до юга Китая, до г. Гуанчжоу (Кантон). В Китае широко разводится в прудах. Для акклиматизации и рыборазведения завезен во многие страны мира.<br/>Рыбохозяйственное освоение белого амура в Европейской части СССР впервые начато в 30-е годы. В Беларуси работы по введению белого амура в поликультуру прудового рыбоводства начаты с 1963 г., а с 1970 г. начались посадки молоди в некоторые озера республики для товарного выращивания.<br/>Белый амур легко приспосабливается к жизни в условиях прудовых хозяйств и внутренних озер, где также активен все лето. Хорошо переносит зимовку в зимовальных прудах и на ямах в озерах.<br/>В бассейне Амура основная масса самок становится половозрелой в возрасте 8-9 лет, при достижении длины тела 70 см и более. Лишь единичные особи созревают в 6-7 лет при длине около 60-65 см. В условиях Беларуси воспроизводство белого амура возможно лишь заводским способом, с использованием термальных вод тепловых электростанций.<br/>Обладает высоким темпом роста. В естественных условиях достигает длины 120 см и массы 32 кг. В прудовых хозяйствах к концу первого года выращивания в поликультуре с карпом достигают средней массы 25-30 г, двухлетки-450-600 г, трехлетки - до 1440 г, т.е. массы карпа при применении методов интенсификации карповодства.<br/>Питается высшей водной растительностью, за что его называют «травяным карпом».<br/>Весьма ценная промысловая рыба. Высокая экологическая пластичность, быстрый рост, отличные вкусовые качества, в сочетании со способностью питаться высшей водной растительностью делают белого амура весьма перспективным объектом для разведения в прудовых экосистемах Республики Беларусь.<br/>Используется в качестве биологического мелиоратора водоемов и ирригационных каналов всех систем, в которых обычно идет сильное развитие жесткой водной растительности, затрудняющей их эксплуатацию.<br/>В Беларуси учеными Института рыбного хозяйства с достаточной полнотой разработана биотехника выращивания белого амура в прудовых хозяйствах и озерах, технология получения потомства с использованием подогретых вод тепловых электростанций, выращивания рыбопосадочного материала и товарной рыбы.;amur_belay
2;Амур черный;Относится к рыбам семейства карповых (Cyprinidae). Выделяется в отдельный род (Mylopharyngodon) с единственным видом М. piceus.\nВ естественных условиях в небольших количествах обитает в Амуре (ниже Хабаровска), Уссури, Сунгари, оз. Ханко. В Беларуси экспериментальные работы с черным амуром начаты с 1977 г. в Белоозерском тепловодном садковом хозяйстве и в рыбхозе «Вилейка».\nКрупная теплолюбивая рыба. В естественных условиях в бассейне Амура летом держится в протоках с замедленным течением, на зиму уходит в русло реки. В условиях р. Амуре становится половозрелым не ранее 7-9-летнего возраста, при длине тела около 70 см. Нерестится в июне - июле, обычно в придонной зоне рек, при температуре воды 26-30°С. Успешно приспосабливается к жизни в условиях прудовых хозяйств, умеренно требователен к кислородному режиму, хорошо переносит зимовку.\nВ условиях Беларуси размножение черного амура возможно лишь заводским методом в специальных нерестово-выростных хозяйствах на основе подогретых вод тепловых электростанций.\nКрупные рыбы, достигают длины 100 см и массы 35 кг. Растет довольно быстро – ежегодный прирост составляет до 10 см.\nЯвляется моллюскоедом, чему способствуют его массивные глоточные зубы, которыми он легко раздавливает довольно прочные раковины. Известно, что одна рыба в возрасте около 4 лет за сутки съедает до 1,5 кг дрейсены.\nПредлагается для использования в качестве биологического мелиоратора водоемов для уничтожения моллюсков, являющихся промежуточным хозяином шистосомного церкариоза и других паразитов.\nВесьма ценная промысловая рыба, но вкусовые качества его мяса несколько уступают качествам белого амура. Представляет большой интерес для многих естественных водоемов, в которых запасы моллюсков почти не используются. В Беларуси пока начаты экспериментальные работы с черным амуром на базе отделения «Белоозерск» ОАО «Рыбхоз «Селец».;amurblack
3;Белоглазка;Белорусское название - белавочка, кляпец, местные - кляпец, глазач, иногда - лупарь.\nОтносится к рыбам рода лещей семейства карповых (Cyprinidae).В пределах Беларуси в небольшом количестве встречается лишь в Днепре и его крупнейших притоках. По Днепру поднимается до Орши. Отсутствует на верхних участках притоков Днепра. В малые реки и пойменные водоемы не заходит.\nОбщий цвет серебристый, спинка темная, плавники серые с более темными краями. Нижняя лопасть хвостового плавника заметно длиннее верхней. Глаза крупные, радужина глаза серебристая (откуда, по-видимому, и название этой рыбы). По очень длинному анальному плавнику белоглазка схожа с синцом, но отличается от последнего вздутым тупым рылом и более крупной чешуей.\nВсегда придерживается глубоких участков реки, в устьях крупных рек образует полупроходные формы, выходящие для питания в акватории прилежащих морей, но, в отличие от леща, более привязана к пресной воде. Живет небольшими стаями, которые к осени концентрируются в более крупные и уходят вниз по течению, где на глубоких ямах залегают на зимовку. Ранней весной стаи вновь поднимаются вверх по реке, к нерестилищам. После нереста крупные стаи вновь распадаются на более мелкие и постепенно скатываются вниз по реке. На нижних участках Днепра в пределах Беларуси ловится в течение всего лета.\nПоловозрелыми самцы становятся в 4 года, при длине тела около 16-20 см и массе 80-130 г, самки - в 5 лет при длине тела 18-22 см и массе 100-200 г. Нерест единовременный, обычно происходит во второй половине апреля, при температуре воды 11-12°С. Нерестятся в русле рек на перекатах с быстрым течением.\nОтдельные экземпляры достигают 33 см длины и 800 г массы. Обычными в уловах бывают особи длиной до 25 см и массой около 300-400 г. Темп роста белоглазки в первые годы жизни довольно высокий, линейный прирост составляет 5-5,5 см, но уже с 5-го года заметно снижается. Масса в 3-летнем возрасте - около 65 г, в 4-летнем - 150 г, в 5-летнем - уже более 250 г.\nКак и лещ, питается главным образом личинками хирономид и прочими донными организмами, молодь - планктонными ракообразными. Взрослые в значительных количествах поедают мелких моллюсков, а также корма растительного происхождения.\nПромысловое значение белоглазки невелико. Промысловой статистикой учитываются уловы вместе с синцом или другими рыбами, за последние 15 лет уловы резко сокращаются. Так как белоглазка является серьезным конкурентом в питании с лещом, увеличение ее численности в наших водоемах нежелательно.\nМассовым объектом любительского рыболовства не является, однако изредка попадается на крючки при ловле других рыб.;beloglazka
4;Быстрянка;Белорусское название - быстранка, местные - быстрянка, пеструшка, синявка, на Западной Двине - ушвейка.\nОтносится к рыбам семейства карповых (Cyprinidae).\nВ Беларуси быстрянка обитает в реках бассейна Западной Двины, Немана и Западного Буга. Считается, что в бассейне Днепра обитает быстрянка русская (A.b. rossicus Borg).\nСпина и верхняя часть боков темно-зеленая, низ боков и брюхо серебристые. Спинной и хвостовой плавники серые, прочие светлые, у основания желтоватые. В период нереста окраска становится ярче, плавники у основания красноватыми.\nВ отличие от уклеи, обитает только в реках с хорошо аэрируемой водой, обычно на быстром течении, откуда, по-видимому, и получила свое название. Как и уклея, относится к рыбам с коротким жизненным циклом: предельный возраст не превышает 5-6 лет.\nПоловозрелой становится на третьем году. Нерестится с середины мая до конца июня, на быстринах с каменистым дном. Икрометание порционное. Абсолютная и относительная плодовитость высокая.\nПитается главным образом личинками насекомых, в особенности хирономид, различными ракообразными, иногда водорослями.\nРастет довольно медленно. Максимальная длина не превышает 12-13 см, масса около 15-20 г. Прирост длины тела в первые годы не превышает 2,5-3,5 см, а затем значительно сокращается.\nКакого-либо промыслового значения не имеет и не может быть перспективной рыбой. Может служить насадкой при ловле хищных рыб.;bistryanka
5;Верховка;Белорусское название - аусянка, местные - овсянка, малявка.\nОтносится к рыбам семейства карповых (Cyprinidae).\nВ Беларуси распространена повсеместно, чаще встречается в южной части бассейна Днепра, в ряде закрытых озер и в старицах нижнего Сожа и Припяти, в заболоченных речках и малых озерах бассейна Березины. Проникает в прудовые хозяйства.\nОкраска тела серебристая, спинка темноватая или зеленоватая, вдоль боков часто тянется голубоватая полоска, наиболее интенсивно пигментированная от начала спинного и до хвостового плавника. Плавники светлые, спинной на вершине усеченный, анальный выемчатый, хвостовой удлиненный, сильно выемчатый.\nОбитает в пойменных водоемах, заливах рек и других водоемах с замедленным течением. Ведет дневной стайный образ жизни. Летом стаи держатся у поверхности воды, опускаясь на глубину только в холодные ночи и в периоды ненастья.\nПоловозрелой становится на втором году жизни, при длине тела около 4 см. Икрометание порционное, начинается со второй половины мая, при температуре воды около 15°С, и продолжается до июля.\nТемп роста верховки чрезвычайно низкий, это самая тугорослая мелкая рыбка. Лишь единичные особи достигают размеров до 6-8 см, основная же масса ловится размерами 4-5 см. Относится к рыбам с коротким жизненным циклом, лишь отдельные доживают до 5-6-летнего возраста.\nВ отдельных небольших водоемах может достигать большой численности. Вылавливается местным населением специальными орудиями - тканками - и употребляется в пищу в виде рыбных котлет. В культурных рыбоводных хозяйствах относится к числу сорных рыб и является нежелательным компонентом ихтиокомплекса. Используется в качестве насадки при ловле хищных рыб.;verhovka
6;Вьюн;Белорусское название - уюн, местные - вьюн, пискун, пискарь.\nОтносится к рыбам семейства вьюновых (Cobitidae).\nВ Беларуси встречается повсеместно в заливах рек, мелких зарастающих озерах, в малых пойменных водоемах, часто в заболоченных местах, где жизнь каких-либо других рыб немыслима. Наиболее часто встречается в бассейнах южных рек, особенно в Полесье, где в большом количестве вылавливается местным населением и употребляется в пищу.\nОсновной цвет тела желтый, на спине бурый с множеством мелких темных пятнышек, имеющихся также на плавниках и посередине тела. От головы до хвостового плавника идет широкая темная полоса, над ней и под ней - по одной узкой темной полоске, из которых нижняя доходит лишь до области анального плавника. Брюхо желтое, иногда слегка красноватое. Все плавники бурые.\nПримечательно, что процесс заглатывания воздуха у вьюна сопровождается легким писком, вследствии чего его часто называют пискуном. Как и другие виды вьюновых, имеют ярко выраженные приспособления для малоподвижного образа жизни, постоянно прячутся в различных убежищах, под камнями или зарываются в грунт. Неприхотливы к условиям обитания, мало требовательны к содержанию в воде кислорода.\nПоловозрелыми становятся в возрасте 3 лет. Нерест происходит весной, обычно с мая до середины лета, при температуре воды от 16°С и выше.\nКак и другие виды вьюновых, больших размеров не достигают, однако растут несколько лучше, чем гольцы и щиповки. Обычная длина - до 18-25 см, редко до 32 см. Масса в пределах нескольких граммов.\nВ уловах рыбы в Беларуси вьюн отсутствует. Однако местным населением ловится часто, охотно используется в пищу. Мясо вьюна довольно жирное, имеет сладковатый привкус.;vyun
7;Голавль;Белорусское название - галавень, местные - головень, галавель, на Немане - клень, кленчук.\nОтносится к рыбам семейства карповых (Cyprinidae).\nВ Беларуси встречается во всех реках: наиболее обыкновенен в Немане, Западной Двине, на верхнем участке Днепра, реже ловится на среднем участке Днепра и в его притоках.\nОкраска довольно светлая, спина темно-серая или темно-зеленая, бока серебристые, спинной и хвостовой плавники темные, грудные оранжевые, брюшные и анальный - от оранжевого до красного цвета.\nГлавными местами обитания голавля являются реки с быстрым течением. В этом отношении он является полной противоположностью язю, и там, где язь многочисленен, голавль отсутствует. Редко встречается в низовьях и устьях рек.\nПоловозрелыми становятся в возрасте 4-5 лет, при длине тела около 28-35 см и массе 500-600 г. Икрометание порционное, т.е. происходит в несколько приемов по мере созревания очередной порции икры: обычно выметывается 3-4 порции с промежутками в 12-15 дней.\nГолавль относится к числу ценных, среднерастущих рыб. В первые годы линейные приросты составляют около 5-6 см и начинают уменьшаться лишь с 6-7-летнего возраста. Прирост массы с возрастом увеличивается значительно, в два года составляет около 15-20 г, в четыре - более 100 г, в шесть лет - более 400 г, и далее прирост ещё более увеличивается. По литературным данным, отдельные экземпляры могут достигать длины 80 см и массы 6-8 кг. Обычными в уловах являются особи массой до 1 кг.\nОсновной пищей для голавля служат воздушные насекомые, которых он подбирает с поверхности воды. В большом количестве поедает червей, личинок насекомых, ракообразных, лягушек и даже попадающих в воду мелких млекопитающих.\nОсновной пищей для голавля служат воздушные насекомые, которых он подбирает с поверхности воды. В большом количестве поедает червей, личинок насекомых, ракообразных, лягушек и даже попадающих в воду мелких млекопитающих. В значительном количестве поедает мелкую рыбу, почему часто относится к хищным рыбам. Пищу берет не только с поверхности и из толщи воды, но и со дна, поэтому часто ловится на донные удочки и шнуры с лежащей на дне приманкой.\nУловы голавля в водоемах Беларуси лишь в первые послевоенные годы достигали 10 ц, но затем резко упали и в большинстве случаев не учитывались совсем. Однако следует иметь в виду, что учет вылова голавля ведется неполно и не отражает его действительной численности. Малый вылов объясняется также очень слабым промысловым использованием речных водоемов. Большое количество голавля вылавливается рыболовами-любителями и браконьерами. На речных рыбопромысловых участках голавль, вместе с усачем, должен стать основной промысловой рыбой.;golavl
8;Голец;Белорусское название - галец, местные - голец, ав-дотка, евдошка, слиж, склизок, слепец, лежень, сикля и другие.\nОтносится к рыбам семейства вьюновых (Cobitidae).\nВ Беларуси встречается повсеместно, главным образом в реках и ручьях.\nОкраска гольцов, в зависимости от условий обитания, довольно изменчива, от темно-бурой до светлой, по желтому фону разбросано множество темно-бурых пятен неправильной формы, хорошо маскирующих рыбу на фоне дна водоема.\nОсновным местообитанием гольцов являются верхние участки рек и малые речки с быстрым течением и песчаным каменистым грунтом. Встречаются также в водохранилищах, проточных озерах и даже в прудах. Постоянно ведут оседлый, малоподвижный, одиночный образ жизни, образуя небольшие скопления лишь в период нереста.\nПоловозрелыми становятся на 2-3 году жизни. Нерест в условиях Беларуси происходит в мае - начале июня, при температуре воды не ниже 14-15°С.\nМаленькие рыбки, размерами до 10, редко 15 см. Относятся к рыбам с коротким жизненным циклом.\nГолец охотно употребляется рыболовами-любителями в качестве наживки на крючки при ловле хищных рыб. Реже употребляется в пищу. Мясо его чистое, приятное на вкус, пригодно для ухи, жарения и маринования.;golets
9;Гольян;Белорусское название – гальян, гальян звычайны, местные - гольян, голыш, красавка, синявка, малявка, золотавка, пестряк, на Днепре - скоморох, форелька, на Немане - крумела.\nОтносится к рыбам семейства карповых (Cyprinidae).\nВ Беларуси имеется во всех речках и ручьях, единичными экземплярами указывается для некоторых проточных озёр бассейна Западной Двины.\nОкраска тела пестрая, обычно золотистая, вдоль спины тянется сплошная темная полоса, на боках около 15 больших, резко очерченных поперечных пятен, часто сливающихся нижними краями в сплошную темную полосу, низ головы и брюхо беловатые. Мелких, резко очерченных пятнышек на теле не бывает.\nОчень подвижные рыбки, населяющие многие мелкие речки и ручьи. Предпочитают участки с быстрым течением, прохладной ключевой водой, с песчаным и каменистым грунтом.\nПоловозрелыми становятся на втором году жизни, при длине тела около 5 см. Нерест начинается с конца апреля и продолжается довольно долго, что связано с постепенным прогревом воды и порционным икрометанием.\nНа первом году жизни гольяны вырастают до 4-5 см, а затем темп роста сильно замедляется. Относится к рыбам с коротким жизненным циклом.\nВ местах, где образуются большие скопления гольянов, вылавливается местным населением и используется в пищу. В небольшом количестве применяется в качестве наживки на крючки при ловле хищных рыб.\nПерспективен для разведения в холодноводных аквариумах, в которых ведет себя весьма игриво, постоянно находятся в движении, не прихотлив к условиям содержания и составу пищи.;golyan
10;Горчак;Белорусское название - гарчак, местные - орчак, горчица, горькуша, ольшанка, малявка, смердюха, столетка.\nВ Беларуси имеется повсеместно, однако встречается довольно редко, чаще в реках Полесья.\nОбычная расцветка серебристая, у самцов с узкой темной полосой, наиболее выраженной на хвостовом стебле. Ко времени нереста самцы приобретают яркую окраску в красных, зеленых, фиолетовых тонах, спинной и анальный плавники становятся ярко-красными с черной оторочкой, на конце рыла появляются треугольные и полулунные образования, густо покрытые белыми эпителиальными бугорками.\nПоловозрелыми становятся на втором году жизни, при длине тела около 3-4 см. Икрометание порционное, происходит в мае - июне, при температуре воды не ниже 15°С.\nОбитает в медленно текущих и стоячих водоемах, обычно на участках с песчаным и каменистым дном. Избегает заиленных водоемов. Образует небольшие стаи, постоянно придерживающиеся дна.\nДлина половозрелых особей обычно 4,3-7,5 см, редко до 9,5 см. Масса всего несколько граммов. Максимальная продолжительность жизни около 6 лет.\nВ основном, питается придонными водорослями. Видимо, поэтому мясо бывает горьким, что и послужило основанием для названия этой рыбы.\nПромыслового значения горчак не имеет. В местах с высокой численностью может служить кормом для хищных рыб.;gorchak
11;Густера;Белорусское название - гусцяра, местные - густера, на Припяти - ласкирка, пласкирка, на Немане - кромп, губарь, сухаребрица, на Западной Двине - летка, сивуха, редко кромпль, на Днепре – стерка.\nВ Беларуси широко распространена во всех реках, водохранилищах и многих озерах.\nСпина темная, бока и брюхо серебристые. Концы всех плавников серые, грудные и брюшные, в отличие от леща, желтоватые, иногда у основания красноватые. В период нереста цвет густеры становится ярко-серебристым, парные плавники приобретают оранжевый оттенок, у самцов на голове и верхней части тела образуются эпителиальные бугорки, которые по окончании нереста бесследно исчезают.\nОсновными отличиями от леща служат: наличие бороздки на спине, желтоватый или красноватый цвет парных плавников, двухрядные зубы (у леща они всегда однорядные), меньшее число лучей в спинном и анальном плавниках, количество чешуи в боковой линии, более светлая окраска, а также низкий темп роста и ряд других биологических особенностей.\nОбразует помеси с плотвой, красноперкой, уклеей, лещом. Морфологические признаки помесей занимают промежуточное положение между исходными формами, какими-либо преимуществами не обладают.\nМалотребовательны к условиям обитания, благодаря чему повсеместно накапливают высокую численность и, таким образом, становится одной из промысловых рыб. Предпочитают тихую и теплую воду с илистым глинистым грунтом. Наиболее многочисленны в озерах, пойменных водоемах, на равнинных участках рек с замедленным течением и редко на участках с быстрым течением.\nПоловозрелой становится в 3-4 года, при достижении длины около 8-10 см. Икрометание порционное, начинается довольно поздно, при достижении температуры воды до 16-17°С, продолжается обычно с конца мая и до конца июня. Начало нереста часто совпадает с окончанием нереста леща и иногда происходит на одних с ним нерестилищах.\nПо литературным данным, отдельные особи достигают 35 см длины и 1,2 кг массы. Обычны в уловах особи массой до 100-200 г. Темп роста густеры в водоемах Беларуси очень низкий. Прирост длины тела лишь в первые годы составляет около 3 см, но уже с четвертого года начинает затухать. Масса трехлетних особей не превышает 15-20 г и только к 6-летнему возрасту переваливает за 100 г, и в 8-летнем - за 200 г.\nЕжегодные уловы густеры, по данным промысловой статистики, колебались от 20 до 850 ц, а в 1962-1979 гг. возросли до 1000-2200 ц. Однако эти данные далеко не отражают истинного вылова, так как часть густеры на практике реализуется как лещ, и в тоже время большое количество мелкого леща проходит по учету, как густера. Много мел кой густеры учитывается вместе с мелочью других рыб. Густера относится к числу малоценных видов, и в рыбохозяйственных водоемах её численность должна всемерно подавляться.;gustera
12;Елец;Белорусское название - ялец, ялец звычайны, местные - ялец, яльчык, клянёк, на Припяти – стовпец.\nВ Беларуси обитает во всех реках, в небольшом количестве заходит в некоторые, хорошо проточные, озера с чистой водой.\nСпинной и хвостовой плавники серые, остальные желтоватые. Как и многие другие рыбы, елец, обладая высокой пластичностью, способен образовывать экологические разности в зависимости от условий обитания.\nЯвляется типичной речной рыбой, в пойменные водоемы и озера входит в виде исключения.\nПоловозрелыми становятся на 3-м году жизни, при длине тела 11-12 см. Нерестятся довольно рано, вскоре после щуки и почти одновременно с язем, при температуре воды от 5°С и выше, что в условиях Беларуси бывает в конце марта - начале апреля.\nЛишь на первом и втором году жизни линейный прирост ельца составляет около 4-5 см в год, но уже с третьего года значительно снижается, а на четвертом становится совсем низким, в силу чего ельцы не достигают крупных размеров. Обыкновенно масса ельца около 25-30, реже 50-75 г, и лишь отдельные особи достигают массы 100 г. По литературным данным, максимальные размеры - до 30 см длины и 500 г массы. Относится к рыбам с коротким жизненным циклом.\nСущественного промыслового значения не имеет, немного ловится с мелочью других рыб. Некоторый интерес представляет как объект любительского рыболовства. Как конкурент в питании с ценными рыбами, является нежелательным компонентом ихтиокомплекса в культурных рыбоводных хозяйствах.;elets
13;Ерш носарь;Белорусское название - джгiр-носар, местные - носарь, бирючок, бобырь, на Припяти - волчок, на Днепре и Соже - чиронос.\nОтносится к рыбам семейства окуневых (Percidae).\nОтличается от ерша обыкновенного удлиненным телом и весьма вытянутым рылом, в два и более раз превосходящим диаметр глаза. Окраска тела светло-желтая, спинка оливково-зеленая, брюхо серебристое. На спине и боках тела, а так же на колючей части спинного плавника многочисленные круглые темные пятна.\nДовольно требователен к качеству воды, почему обитает только в реках с чистой водой и песчаным грунтом. В отличие от ерша обыкновенного, не любит прохладной воды, избегает ключевых мест и даже в период дождей прячется в глубоких ямах, где вода несколько теплее.\nПоловозрелым становится на третьем-четвертом году жизни. Нерест порционный, происходит с апреля по июнь на перекатах с крупнозернистым песчаным или каменисто-галечным дном. Нерестится небольшими стаями.\nКак и ерш обыкновенный, растет очень медленно, к трехлетнему возрасту достигает лишь 13-15 см длины и 50 г массы. Обычные размеры в уловах - около 8-13 см и лишь изредка до 16-20 см и до 200 г массы.\nИз-за низкого темпа роста и вреда, наносимого культурному рыбному хозяйству, его следует считать сорной рыбой, всемерно способствовать сокращению численности. В уловах встречается довольно часто, но промысловой статистикой не учитывается, идет вместе с ершом обыкновенным.;ersh_nosar
14;Ерш обыкновенный;Относится к рыбам семейства окуневых (Percidae).\nВ Беларуси населяет все реки, водохранилища, многочисленен в некоторых озерах, пойменных водоемах, проточных прудах.\nОбщая окраска темно-серая с множеством небольших темных пятен и точек на верхней половине тела, спинном и хвостовом плавниках. Спина серо-зеленая, с неясно очерченными бурыми пятнами. В водоемах с чистой водой и песчаным дном ерши всегда светлее, чем в заиленных водоемах.\nОдна из наиболее многочисленных рыб наших водоемов. Во все периоды года держатся стаями, состоящими из особей разных возрастов. Ведут придонный образ жизни. Места его обитания часто совпадают с местами обитания ценных промысловых видов, особенно леща, с которым ерш является сильным конкурентом по питанию.\nПоловой зрелости достигает в два года, при достижении длины 6-7 см. Икрометание порционное, происходит с конца апреля по июнь, в несколько приемов. Первый нерест наблюдается при температуре около 6-8°С, второй и последующие - при более высоких температурах.\nОбычные размеры взрослых ершей - около 10-15 см длины и массой 20-25 г, которых он достигает в 4-5-летнем возрасте. Максимальные размеры - до 30 см, при массе 600 г, но такие экземпляры редки, попадаются лишь в крупных реках. Только в первые два года линейный прирост ерша достигает 4 см, но уже с третьего года бывает незначительным. Прирост массы составляет всего несколько грамм в год.\nБольшая прожорливость, раннее созревание и высокая плодовитость обуславливают большую численность ерша в водоемах. Однако из-за низкого темпа роста, большой степени конкуренции в питании с ценными рыбами, а также из-за большого вреда, наносимого рыбному хозяйству истреблением икры и молоди, ерш во всех водоемах является безусловным сорняком и подлежит повсеместному истреблению.;ersh_obiknovenniy
15;Жерех;Белорусское название - жэрах, местные - жерех, шерех, белизна, белесть, местами - белуга, на Припяти - белюга, на Немане - белоспер, делеспер, ше-респер, на Западной Двине - жереспер, жересть, на Днепре повсеместно – белизна.\nОтносится к рыбам семейства карповых (Cyrinidae).\nВ Беларуси водится во всех крупных и средних реках, в некоторых проточных озерах с чистой водой. При зарегулировании рек сохраняется в ихтиофауне крупных водохранилищ.\nОбщая окраска светлая, серебристая, спинной и хвостовой плавники серые с темными концами, остальные красноватые.\nЖерех постоянно ведет одиночный образ жизни и небольшие стаи образует только в период нереста и осенью перед залеганием на зимовальные ямы. Предпочитает спокойные равнинные участки рек, в верховья с быстрым течением и холодной водой не поднимается.\nПоловозрелыми самцы становятся на 4-м, а самки - на 4-5-м году жизни. Икрометание единовременное, происходит очень рано, сразу же после язя или одновременно с ним, при температуре воды около 5-6°С, что в условиях Беларуси бывает в конце марта - начале апреля.\nЖерех обладает весьма высоким темпом роста, молодь его уже к концу первого года может достигать 10 см длины. Среднегодовой прирост в первые годы составляет 7,5-9,5 см и начинает затухать лишь с 6-7 летнего возраста. В два года достигает массы 50-75 г, в 3 года -160-230 г, в 4 года - 350^80 г, в 5 лет - 700-1000 г. Отдельные особи могут достигать длины 60-80 см и массы 4, иногда 12 кг.\nКак исключение, среди карповых рыб жерех является типичным хищником, однако способен потреблять лишь мелкие виды рыб, в основном уклею, реже плотву, ельца, пескаря и другую мелочь, обитающую на открытых пространствах водоемов.\nУдельный вес жереха в добыче рыбы незначительный. В 60-е годы уловы его достигали 45 ц в год, но затем резко сократились, в последние годы колеблются в пределах- 2-5 ц.\nПовсеместно имеет большое значение как объект любительского рыболовства.\nДля рыболовов-любителей жерех - одна из самых интересных рыб, так как редко попадается на поплавочные и донные удочки. Поимка его - большой успех даже для опытного удильщика. В основном жереха ловят на дорожку и спиннингом.;zhereh
16;Карась обыкновенный;Относится к рыбам семейства карповых (Cyprinidae).\nВ Беларуси широко распространен в реках, озерах, прудах, малых пойменных водоемах и даже в небольших сажалках и карьерах, где никакие другие рыбы жить не могут.\nВедет оседлый образ жизни, не совершая каких-либо длительных перекочевок. Излюбленными местами обитания служат зарастающие водоемы с илистым дном. Довольно неприхотлив к качеству воды, может жить в таких водоемах, где другие рыбы быстро гибнут.\nПоловозрелыми становятся в возрасте 3-4 лет, в зависимости от условий обитания. При благоприятных условиях, особенно в высококормных прудах, половозрелость наступает в двухлетнем возрасте. Нерест начинается поздно, обычно в конце мая, при температуре воды не ниже 16—18°С и продолжается до августа.\nВ хорошо кормных прудах и озерах отдельные особи могут достигать длины 50 см и массы 4-5 кг, уже в два года достигают товарной массы 250-300 грамм. В то же время в малокормных водоемах к этому же возрасту еле достигают 4-5 см длины и всего нескольких грамм массы. Средняя масса в 3 года составляет около 30-50 г, в 5 лет - 160-200 г, в 6 лет - 230-310 г. Обычны в уловах особи массой около 500 г.\nЕжегодные уловы карася обыкновенного из естественных водоемов Беларуси, до вступления в промысел акклиматизированного серебряного карася, колебались от 75 до 475 центнеров в год. С 1956 г., когда начался вылов карася серебряного, отдельный учет вылова карася обыкновенного прекратился, общий их вылов возрос до 800-2000 ц в год. Максимальные уловы были в 1962 г. (2889 ц), в 1966 г. (3470 ц) и в 1973 г. (2737 ц).\nВ большом количестве карась вылавливается рыболовами-любителями и браконьерами. Небольшой удельный вес карася обыкновенного в общей доле добыче рыбы можно объяснить и тем, то далеко не все карасевые водоемы используются промыслом. Несомненно, что перспективы использования карася в рыбодобыче очень большие.\nКарась широко используется как объект любительского рыболовства, сильно вылавливается браконьерами.;karas_biknovenniy
17;Карась серебрянный;В Беларуси акклиматизация серебряного карася в рыбохозяйственных целях начата с 1948 г. на базе производителей, завезенных из бассейна Амура (район Хабаровска). В настоящее время обитает во многих водоёмах бассейнов Днепра, Немана, Западной Двины, разводится в прудовых хозяйствах.\nКарась серебряный, как карась обыкновенный, предпочитает для своего обитания водоёмы с замедленным течением и заиленным дном. Успешно переносит значительный дефицит кислорода, при котором другие рыбы жить не могут. Ведёт оседлый придонный образ жизни.\nДостигают половой зрелости в возрасте 3-4 лет при длине тела более 18,5 см. Однако, в отдельных озёрах и прудах, где рост карася хороший, половозрелость может наступать уже в возрасте 2 лет. Икрометание порционное. Нерест сильно растянут, проходит с конца мая, при достижении температуры воды не ниже 16-18°С, до августа.\nСеребряный карась растёт несколько быстрее обыкновенного, но в небольших закрытых озёрах, где плотность его бывает велика, рост сильно замедлен. Наилучший рост наблюдается в прудах и близких к ним по условиям озёрах, при ограниченной плотности популяции.\nК настоящему времени карась серебряный расселился по всей республике и встречается в промысловых и любительских уловах повсеместно. По данным рыбохозяйственной статистики, учтённый государственный улов карася за все годы его акклиматизации составил около 43,3 тыс. центнеров. Более 90% улова дают крупные озёра Полесья, в которых серебряный карась натурализовался, образовал мощное самовоспроизводящееся промысловое стадо.;karas_serebryanniy
18;Карп (Сазан);Встречаемость карпа в естественных водоёмах Беларуси сейчас является следствием проникновения его окультуренных форм из прудовых хозяйств или искусственного зарыбления.\nВ результате многовековой селекционной работы во многих странах созданы разнообразные породы карпа, ставшие основными в прудовом рыбоводстве. Отличаются от исходной формы не только внешним видом, характером чешуйного покрова, но и более быстрым темпом роста, большей мясистостью и рядом других полезных в хозяйственном отношении качеств.\nВесьма теплолюбивая рыба, выносит температуры до 30-35°С. В естественных водоёмах предпочитает тихие спокойные воды, в реках придерживается заливов, тихих проток и пойменных стариц с зарослями водной растительности, в озёрах - прибрежных зарослей. Хорошо приживается в тепловодных прудах. Мало требователен к качеству воды и хорошо переносит кратковременные периоды со значительным дефицитом кислорода, легко переносит перевозки на длительные расстояния.\nВ естественных условиях половой зрелости достигают на 4-6 году жизни, самцы созревают несколько раньше и при несколько меньших размерах. В южных районах икрометание порционное, в умеренных, в том числе и в Беларуси, - единовременное, происходит с мая по июнь, при температуре воды не ниже 13-15°С, наиболее интенсивно при 18-20°С.\nКарп - одна из наиболее высокопродуктивных рыб, отличается исключительно хорошим темпом роста. Достигает 1 м в длину и 20 кг массы, в литературе имеются указания о максимальной массе карпа до 32 кг. Скорость роста карпов зависит главным образом от обеспеченности пищей и длительного периода с температурой воды выше 20°С. Наиболее интенсивно питается и растёт при температуре воды 25-29°С, а при температуре ниже 8-10°С вообще прекращает питание.\nКарп - очень ценная промысловая рыба, издавна служащая главным объектом рыболовства и рыбоводства, занимающая первое место в уловах карповых рыб. Уже давно сделался «домашней рыбой» и в большом количестве выращивается в прудовых хозяйствах.\nПочти повсеместно карп является излюбленным объектом любительского рыболовства, а его ужение - наиболее увлекательным занятием рыболовов.;karp_sazan
19;Краснопёрка;Белорусское название - краснапёрка, чырвонапёрка, местные - краснопёрка, красноглазка, чырвонапёрка, на Днепре - черноха или чермнуха (от чермный - красный), на Соже - чернолюга.\nОтносится к рыбам семейства карповых (Cyprinidae) отряда карпообразных (Cypriniformes).\nОбитает в пресных водах Европы, до Урала и бассейна Аральского моря. Отсутствует в Сибири, в Крыму, но повсеместна на Кавказе. В Беларуси обитает во многих реках и озёрах, многочисленна в пойменных водоёмах.\nКраснопёрка - одна из красивейших рыб нашей ихтиофауны: окраска её яркая, спинка тёмно-коричневая или тёмно-зелёная, бока желтовато-золотистые, с более интенсивно окрашенными каёмками по краям чешуек, глаза оранжевые, с ярко-красным пятном в верхней части, спинной и грудные плавники у основания тёмные, но на вершине могут быть красными, все остальные плавники ярко-красные. Взрослые всегда окрашены ярче молодых особей.\nВ естественных условиях образует помеси с плотвой, уклеёй, чаще с густерой и лещом. Морфологические признаки помесей занимают промежуточное положение между исходными формами.\nВсегда ведёт оседлый образ жизни, постоянно держится у густых зарослей травы и совершенно избегает открытых пространств и течения. Предпочитает заливы и старицы рек, проточные озёра и другие тихие места с зарослями водных растений. В тёплые солнечные дни поднимается к поверхности или выходит в тихие затоны. Ведёт дневной образ жизни, ночью же бывает неподвижной. Лишь поздней осенью краснопёрки скапливаются в глубоких местах и залегают там на ямы на всю зиму.\nПоловозрелой становится в 3-4 года, при длине тела около 10 см. Нерест начинается довольно поздно, при температуре воды около 15—18°С. Икрометание порционное, происходит в мае - июне, обычно в три приёма.\nКраснопёрка растёт очень медленно и относится к малоценным рыбам. Лишь отдельные особи могут достигать длины 36 см и массы 2 кг. Основная же масса вылавливается массой 100-200 г и менее, обычны в уловах экземпляры длиной 20-23 см и массой до 300 г. линейный прирост даже в первые годы не превышает 3-4 см, масса в 2-летнем возрасте около 10 г, в 3-летнем - 20 г, в 4-летнем - около 45 г, и лишь в 6-летнем возрасте масса становится более 100 г.\nМолодь краснопёрки питается мелкими планктонными организмами, взрослые потребляют молодые побеги водных растений и водоросли. Животные корма имеют второстепенное значение, хотя насекомые и их личинки обнаруживаются в кишечниках довольно часто: она собирает их со стеблей и листьев водных растений.\nВ небольшом количестве вылавливается вместе с плотвой. Отдельно статистикой не учитывается. Ввиду замедленного темпа роста и невысокого качества мяса краснопёрка не может считаться перспективной рыбой при организации рационального рыбного хозяйства. Представляет некоторый интерес как объект любительского рыболовства.\nВ озёрах краснопёрку ловят после полного таяния льда, а в реках - после спада воды. Особенно хорошо она ловится перед нерестом и спустя три дня после него. Ловится всегда в травах, в «окошках». Крупная краснопёрка хорошо берётся в прогалинах камыша и тростника в тихих местах. Клёв её верный. При ловле на червя ведёт поплавок, как окунь. На удочке ходит очень бойко, гораздо упорнее плотвы. Поднятая из воды, сильно трепещется и чаще срывается, чем плотва. Вытаскивать её надо осторожно. Крупные экземпляры рекомендуется не вытаскивать сразу, а поводить несколько кругов, не пуская при этом в траву, а затем, подведя к берегу, подхватить сачком.\nЧто касается приёмов ужения и насадки, то они те же, что и при ловле плотвы. Только снасть должна быть немного прочнее, а крючки лучше применять на номер больше, чем при ловле плотвы.\nПо живучести краснопёрка значительно превосходит плотву. Поэтому мелкие и средние краснопёрки хороши в качестве живца на щуку. Только ставить их надо подальше от травы, иначе они обязательно запутаются в ней.;krasnoperka
20;Лещ;Белорусское название - лешч, местные - лещ, подлещик.\nОтносится к рыбам семейства карповых (Cyrinidae) отряда карпообразных (Cyriniformes).\nВ Беларуси широко распространён во всех реках, водохранилищах, пойменных водоёмах и в большинстве озёр. Нет его лишь в небольших быстрых речках с холодной водой и некоторых мелких озёрах.\nОбщая окраска тела темно-серебристая, иногда с еле заметным желтоватым отливом, спина и верхняя часть боков тёмные, брюхо серебристое. Молодые лещи окрашены светлее. Окраска леща во многом зависит от условий обитания, как правило, озёрный бывает темнее речного. У половозрелых самцов в период нереста голова, верхняя часть тела, иногда плавники покрываются желтоватыми эпителиальными бугорками, которые после нереста исчезают. От густеры легко отличаются тёмноокрашенными плавниками, большим числом лучей в анальном плавнике, более мелкой чешуёй, однорядными глоточными зубами.\nЖивут лещи стаями, особенно большие скопления образуют поздней осенью, перед залеганием на зимовальные ямы. Весной эти стаи разбиваются на более мелкие, концентрируются на самых кормных участках водоёмов. Предпочитают водоёмы с замедленным течением или стоячей водой, более многочисленны в озёрах, в водохранилищах, на равнинных участках рек и в пойменных водоёмах. Излюбленными местами обитания летом являются глубокие заводи и ямы у крутых берегов, располагающихся сразу же за перекатом, с глинистым, немного иловатым дном. В озёрах придерживается глубинных участков, выходя в прибрежную зону и на склоны подводных возвышенностей для питания.\nПоловозрелыми становятся в возрасте 4-6 лет, при достижении длины тела около 30 см и массы около 500 г. В возрасте 4 лет созревают главным образом самцы, в возрасте 5 лет и старше - основная масса самок. В малокормных водоёмах, где наблюдается замедленный рост леща, сроки наступления половозрелости несколько затягиваются. Сроки нереста ежегодно определяются климатическими условиями весны и прогревом воды на нерестилищах. Обычно нерест у лещей проходит дружно и завершается в короткие сроки.\nВ условиях Беларуси нерест начинается в конце апреля, при температуре воды от 11°С и выше. В различных водоёмах общий нерестовый период часто продолжается до конца мая-начала июня. В озёрах и водохранилищах нерест проходит при температуре воды 12-18°С.\nЛещи достигают довольно крупных размеров, по литературным данным, максимальная длина достигает 75 см и масса - 6 кг. Максимальная продолжительность жизни - 20 лет. Обычные размеры леща в уловах - 30-45 см длины и 500-1500 г массы. Темп роста леща довольно высокий: средний ежегодный прирост в первые пять лет - около 6-7 см, а при благоприятных условиях и больше, в пределах 4-5 см он остаётся и в последующие годы.\nОсновной пищей лещей являются личинки хирономид и прочих водных насекомых, ракообразные, мелкие моллюски, черви. В молодом возрасте основным питанием служат зоопланктонные организмы, с 3-летнего возраста становятся исключительными бентософагами.\nЯвляется одной из важнейших промысловых рыб в естественных водоёмах. По данным промысловой статистики, уловы леща в Беларуси колеблются в пределах 1200-3000 центнеров в год.;lesch
21;Линь;Относится к рыбам семейства карповых (Cyprinidae).\nВ Беларуси широко распространён преимущественно в озёрах и пойменных водоёмах.\nОбщая окраска тела интенсивно жёлтая, до бурой, и сильно варьирует в зависимости от условий среды обитания. Как правило, спинка тёмно-зелёная, бока светло-зелёные с золотистым отливом, брюхо сероватое. Все плавники тёмные. Интенсивность окраски линя зависит от качества воды, грунта, освещённости водоёма.\nПоловозрелыми становятся на 4-м году жизни, при длине тела около 17 см. Икрометание порционное, происходит несколько раз в течение лета с промежутками, необходимыми для созревания очередной порции икры. Нерест начинается поздно, при температуре воды не ниже 15-16°С, протекает обычно с мая до конца июля.\nПо литературным данным, отдельные особи достигают 70 см длины и 7,5 кг массы. В уловах обычны экземпляры до 30 см длиной и до 1 кг массы. Темп роста линя сильно изменяется в зависимости от условий обитания.\nЛинь - теплолюбивая рыба, избегает водоёмов с холодной водой. Малотребователен к качеству воды, живёт в условиях, в которых другие рыбы быстро гибнут. Постоянно держится в одних и тех же местах, совершая небольшие перекочёвки лишь во время половодья.\nЛинь обладает довольно высокими пищевыми и вкусовыми качествами, имеет существенное промысловое значение.\nВ ряде прудовых хозяйств линь с успехом используется как добавочная рыба к карпу, повышает общую продуктивность прудов до 15-20%. При этом нормальные посадки линя не снижают продуктивности по карпу. При организации рационального рыбного хозяйства на естественных водоёмах значение линя в рыбном промысле должно быть значительно повышено.;lin
22;Налим;Белорусское название - мянтуз, мянёк.\nОтносится к большому семейству тресковых (Gadidae) отряда трескообразных (Gadiformes). Единственная пресноводная рыба из большого семейства тресковых, населяющих северные моря.\nВ Беларуси обитает повсеместно в реках и многих озерах.\nОбщая окраска тела темно-бурая, на фоне которой большие более светлые пятна, заходящие на плавники. Встречаются очень темные экземпляры, в особенности молодые.\nПредпочитает чистую воду, с иловатым каменистым дном, холодной ключевой водой. Наиболее часто встречается в небольших родниковых речках. Для своих стоянок выбирает глубокие ямы, затененные береговыми зарослями, создающими тень и прохладу.\nС замерзанием водоемов начинается массовое движение налимов вверх по течению к нерестилищам. Из пойменных водоемов выходят в русла рек, в озерах - в прибрежную зону с песчаным и каменистым грунтом. Икрометание происходит с конца декабря по февраль, подо льдом, при температуре воды около 1—3°С.\nПоловозрелыми становятся в возрасте 3-4 лет, но отдельные особи, при благоприятных условиях обитания, созревают и раньше.\nОтдельные экземпляры налима могут достигать 112 см длины и 12 кг массы, однако в наших водах встречаются экземпляры лишь до 4-5 кг. Темп роста налима достаточно хороший, сеголетки достигают к осени 17-18 см длины и 35-50 г массы. Масса в двухлетнем возрасте уже превышает 100 г, в четырехлетнем - около 400-500 г, а в семилетнем достигает 1 кг и более.\nВедет ночной образ жизни. Летом налим вял, малоподвижен, при подъеме температуры воды выше 15°С прячется в норы, ямы, под коряги, в корни деревьев, выходя для питания лишь по ночам.\nВзрослые особи являются типичными хищниками, питаются главным образом мелкой рыбой, преимущественно пескарем, ершом, гольцом и другими придонными рыбами, поедает личинок миног, лягушек, раков.\nМясо налима жирное и вкусное. В печени его, как и в печени других тресковых рыб, содержится большое количество жира, богатого витаминами, почему она расценивается как деликатесное блюдо. По данным промысловой статистики, уловы налима в водоемах Беларуси составляли от 50 до 120 ц в год, однако за последние годы значительно упали, в среднем составляют около 5-12 центнеров в год. В больших количествах налим вылавливается местным населением и рыболовами-любителями для собственного потребления. С развитием речного рыболовства рыбохозяйственное значение налима будет возрастать.\nЛовля налима очень проста и не требует особых навыков и сноровки. Снасть для весенней и осенней ловли одинакова: в большинстве случаев это донные удочки. Налима ловят на любую леску, даже на кусок шпагата и самодельные грубые крючки. Толщина лески не влияет на его клёв: он хватает и заглатывает насадку на самой грубой снасти.\nУдачная ловля наблюдается перед нерестом в конце ноября - начале декабря. В это время налим держится тихих, глубоких и каменистых мест, ближе к берегам, у заливов, коряг и даже на песках, иногда на незначительной глубине.;nalim
23;Окунь;Белорусское название - акунь, местные - повсеместно окунь или акунь.\nВ Беларуси распространен повсеместно в реках, озерах, водохранилищах, пойменных водоемах и в прудах. Везде является одной из самых многочисленных рыб, по численности мало уступая плотве.\nОбщая окраска тела зеленовато-желтая, на боках 5-9 поперечных темных полос, придающих рыбе весьма пестрый вид. Первый спинной плавник серый, второй зеленовато-желтый, прочие ярко-красные, без пятен. Окраска в значительной степени изменяется в зависимости от возраста и условий обитания: в лесных тенистых водоемах окуни всегда темные, в прозрачной воде светлые, молодые окрашены одноцветнее, у крупных вариации в расцветке более значительные.\nЯвляется типичной озерно-речной рыбой, ведущей дневной, преимущественно оседлый образ жизни, крупных перекочевок не совершает. Места обитания его меняются в зависимости от возраста и времени года. Летом мелкие и средние окуньки выбирают различного рода заводи, затоки, прибрежные зоны у зарослей и прочие затишные места, осенью и зимой выходят на более глубокие места. Крупные окуни придерживаются глубинных участков, в теплое время года держатся небольшими стайками, которые осенью и зимой укрупняются.\nПоловой зрелости самки достигают на 3-4-м году жизни, при длине тела около 10-12 см, самцы, иногда и в два года, при достижении длины 9-10 см. Икрометание единовременное, дружное, происходит вскоре после вскрытия водоемов, при температуре воды около 5-8°С, что в условиях Беларуси бывает в конце марта - начале апреля и совпадает, как правило, с наибольшим уровнем паводковых вод. В озерах нерест бывает позднее, что связано с более поздним вскрытием их и более медленным прогревом воды.\nНесмотря на большое количество пищи, пожираемой окунем, темп роста его невелик, даже при самых хороших условиях достигает 16-20 см длины и 100 г массы лишь к четырехлетнему возрасту, полукилограмовые же особи обычно имеют возраст более 7-8 лет. Максимальные размеры, до 50-60 см длины и до 2,75 кг массы. Обычны в уловах особи около 15-20 см массой 100-150 г.\nМолодь окуня на первых порах питается зоопланктоном, но при достижении размеров около 4 см во многих водоемах переходит на питание бентосом и мальками рыб. Взрослые питаются личинками насекомых, ракообразными, но главным образом мелкой рыбой: плотвой, верховкой, гольцом, поедает мелких окуньков и других рыб.\nПо своей прожорливости и вреду, причиняемому другим рыбам, окунь превосходит щуку, тем более, что численность его в водоемах во много раз больше. Многочисленные популяции окуня являются очень серьезными конкурентами в питании с ценными рыбами. Поэтому во всех водоемах культурного рыбоводства окунь нежелателен и подлежит истреблению.\nБлагодаря большой численности и широкому распространению, окунь имеет существенное значение в рыбодобыче. Кроме того, в течение всего года является основным объектом любительского рыболовства.;okun
24;Пелядь;Белорусское название - пелядзь, местное - сырок.\nРыба семейства сиговых (Cjregonidae) отряда лососеобразных (Salmoniformes).\nРаботы по выращиванию пеляди в Беларуси начаты в 1957 году: оплодотворенная икра была завезена с Урала и прошла апробацию на Лукомльском рыбоводном заводе.\nВ дальнейшем здесь было создано маточное стадо и начались работы по расселению ее по водоемам Беларуси.\nВоспроизводство базируется лишь на потомстве, получаемом заводским способом.\nКак и у ряпушки, у пеляди наблюдается несколько различных экологических форм в зависимости от условий обитания. В местах её естественного обитания различают три основные формы: сравнительно быстрорастущую, обитающую в реках и пойменных озерах и созревающую на 3-м году жизни, обычную озерную, не покидающую озер, в которых она вывелась, карликовую озерную форму с угнетенным ростом, обитающую в малых озерах, бедных кормовыми организмами.\nВ естественных условиях концентрируется в пойменных озерах, старицах, тихих протоках. Быстро текущих вод избегает. Придерживается открытых участков. Хорошо переносит условия эвтрофных озер с довольно значительным прогревом воды. Ведет стайный образ жизни. Не переносит заиленных и мутных вод, в которых у нее происходит сильное засорение жаберного аппарата, вследствие чего рыбы гибнут. Относится к рыбам с относительно коротким жизненным циклом, но живет дольше, чем ряпушка.\nНерестится в озерах, поздней осенью, нередко уже подо льдом. В условиях Беларуси созревает на 2-м и 3-м году жизни, при массе около 370-940 г. Нерест происходит в первой половине декабря, при температуре воды около 1°С.\nОтличается довольно хорошим темпом роста, особенно в прудах с твердым грунтом. В возрасте 17 месяцев пелядь в прудах достигает массы 540 г и становится в этом возрасте половозрелой. Вырастает до 40-45 см длины и до 2,5-3 кг массы, реже встречаются особи до 4-5 кг.\nЗначение пеляди в рыбном хозяйстве очень велико в силу высокой степени пластичности, позволяющей приспосабливаться к различным условиям обитания, высокому темпу роста и хорошему качеству мяса. С успехом может использоваться в качестве добавочной рыбы в карповых прудах: температурный и кислородный режим переносит удовлетворительно, конкурентом для карпа в питании не является, так как питается главным образом зоопланктоном. За счет посадки в пруды годовиков пеляди можно получать до 70-100 кг/га дополнительной рыбопродукции высокого качества.;pelyad
25;Пескарь;Белорусские названия - пячкур, пячкур звычайны, местные - пескарь (от слова песок), пячкур, келбик, на Припяти - дудорга, стовпец, на Немане - келбук, келбучок, на Западной Двине – курмель.\nРод пескарей включает около 25 видов, населяющих материковые воды Европы и Азии. В водоемах Беларуси обитает повсеместно.\nОкраска типично донная, обеспечивающая хорошую маскировку на темном грунте: спинка темная с зеленоватым отливом, по бокам тела до 10 черных или бурых пятен, спинной и хвостовой плавники желтоватые с рядом темных пятен, парные – светлые.\nОбитает в реках, мелких речках, многих водохранилищах и прудах, однако везде предпочитает чистую воду с песчаным дном. Ведет придонный образ жизни, поднимается в толщу воды лишь при быстрых передвижениях, при бегстве от опасности. Повсеместно образует крупные стаи, часто из особей различных возрастов и размеров.\nПоловозрелыми становятся на 3-4 году жизни, при длине тела около 7-8 см. Нерест начинается в начале мая, когда вода прогреется, и продолжается до июня. Икрометание порционное, происходит в несколько приемов, на песчаных перекатах.\nПо литературным данным, могут достигать 20-22 см длины и 300 г массы. Обычные размеры до 12-15 см длины и 20 г массы. Линейный прирост в первые два года составляет 3-3,5 см, а затем снижается до 1-2 см. Прирост массы незначительный, около 3-4 г в год.\nПескарь - типичный бентософаг, пищей ему служат различные личинки насекомых, черви, мелкие ракообразные, мелкие моллюски, частично растительные остатки и другие корма, перекатываемые течением по дну водоема.\nПромыслового значения не имеет, хотя в небольшом количестве и вылавливается вместе с другими рыбами. Вылавливается местным населением, преимущественно детьми, и употребляется в пищу. Часто применяется в качестве наживки на крючки при ловле хищных рыб. Учитывая, что пескарь является серьезным конкурентом в питании ценным видам рыб-бентософагов и в большом количестве истребляет их икру, численность его должна всемерно ограничиваться с целью улучшения воспроизводства и нагула ценных видов.\nЛовить пескаря начинают со второй половины апреля и продолжают до поздней осени, сначала на перекатах и мелких местах, а с осени на глубине. Пескарь ловится в течение всего дня, но лучше берет на рассвете и с 4-5 часов дня. С наступлением темноты клев прекращается.;peskar
26;Плотва;Белорусское название - плотка, плотка звычайная, местные - плотка, плотица, на Днепре и Соже - воблица, изредка ольховка.\nОтносится к самому богатому по числу видов семейству карповых (Cyprinidae).\nВ водоемах Беларуси плотва населяет все реки, пойменные водоемы, водохранилища и озера, часто заходит в пруды при заполнении их водой из водоисточников.\nОбщая окраска тела серебристая с темно-бурой или темно-зеленой спинкой. Спинной и хвостовой плавники темно-серые, грудные бледно-желтые, брюшные и анальный, как правило, красные. Легко отличаются от других карповых рыб по оранжевой окраске радужины глаза с красным пятном на верху. С возрастом яркость окраски несколько увеличивается, особенно яркой бывает в период нереста. Следует иметь в виду, что окраска плотвы весьма изменчива в зависимости от условий обитания, поэтому возможно встретить экземпляры от ярких до тусклых оттенков, у которых красные тона еле проявляются.\nРанней весной, сразу же после вскрытия водоемов, плотва покидает места зимних стоянок, выходит к берегам, на залитую пойму, в старицы и пойменные озера, где усиленно питается вплоть до нерестового периода. После нереста стаи разбредаются по всему водоему, входят в заливы, затоны, где не очень сильное течение, теплая вода и в изобилии имеются корма. Чаще придерживаются окраин травянистых зарослей и больших прогалин между ними. В озерах мелкая плотва держится у берегов, у зарослей камыша, более крупная предпочитает открытые глубокие места.\nПо отношению к условиям обитания плотва довольно неприхотлива, хорошо себя чувствует там, где другие рыбы жить не могут.\nПоловозрелой становится в конце третьего и частью на четвертом году жизни, при достижении длины тела не менее 8 см. Нерест в водоемах Беларуси начинается довольно рано. За 7-10 дней до нереста тело самцов покрывается многочисленными белесоватыми эпителиальными бугорками, отчего становится шероховатым. После нереста этот брачный наряд пропадает. Икрометание единовременное, начинается обычно во второй половине апреля при температуре воды выше 8°С, а при 10°С происходит массовый нерест.\nМаксимальные размеры плотвы не превышают 45 см длины и 2 кг массы. В Беларуси изредка вылавливали экземпляры до 700 г, возраст которых бывает 13-15 лет. В обычных уловах преобладают особи длиной 15-18 см, массой 100-150 г.\nПо питанию плотва является весьма пластичным, почти всеядным видом. Потребляет различных ракообразных, личинок насекомых, червей, изредка водоросли, охотно поедает всевозможные корма растительного происхождения: искусственные комбикорма, хлеб, тесто, вареный картофель, различные каши, горох и т.п.\nВ силу низкого темпа роста плотва относится к числу малоценных видов, и только большая численность делает её основной промысловой рыбой наших водоемов. По данным промысловой статистики, уловы плотвы в Беларуси ежегодно составляют от 4 до 10 тыс. ц, или от 20 до 40% от общего улова рыбы из естественных водоемов. Кроме того, большое количество плотвы учитывается в группе «мелочь», вылавливается рыболовами-любителями и браконьерами.\nПри организации рационального высокопродуктивного рыбного хозяйства плотва во всех водоемах должна относиться к числу нежелательных видов, замещаться более ценными, обладающими более быстрым темпом роста и лучшими продукционными свойствами.\nЛовля плотвы привлекает многих любителей. Особенно она хороша для начинающего рыболова, которому дает немало полезных уроков. Основной способ ловли плотвы - поплавочная удочка, которой ловят как в стоячих, так и на небыстротекущих водах.;plotva
27;Подуст;Относится к рыбам семейства карповых (Cyprinidae) отряда карпообразных (Cypriniformes).\nВ Беларуси типичный подуст имеется в реках бассейнов Западного Буга и Немана, днепровский населяет реки бассейна Днепра.\nОбщая окраска тела светлая: спинка темно-зеленая, бока и брюхо серебристые, спинной и хвостовой плавники серые или черноватые, остальные красные или желтоватые. У половозрелых самцов во время нереста голова покрывается эпителиальными бугорками, после нереста исчезающими.\nПодуст является чисто речной рыбой. Ведет дневной стайный образ жизни. Обитает на равнинных участках рек с умеренным течением, песчаным и каменистым дном, обычно в придонной зоне. Охотно держится у затопленных коряг и деревьев, у крупных каменистых завалов и других затопленных предметов, на которых находит обильную пищу. Мест со стоячей водой, как и быстрого течения, избегает, почему в малые реки и верховья крупных рек не поднимается, отсутствует в пойменных водоемах и озерах. Держится вдали от берегов, на довольно значительной глубине.\nТипичный подуст из Немана становится половозрелым в 3-4 года, при длине тела 15-19 см и массе 150-175 г., нерестится в апреле - мае при температуре воды около 7-9°С. Самцы днепровского подуста становятся половозрелыми на 4-5-м году при длине тела 16-20 см и массе 100-150 г, самки - не раньше, чем на 5-м году при длине тела 21-28 см и массе 200-300 г, нерестятся в апреле - мае, при температуре воды около 10°С. Икрометание единовременное.\nДостигает 50 см длины и 2,5 кг массы. В уловах обычны экземпляры до 1 кг. Типичный (неманский) подуст растет несколько быстрее днепровского и уже к 4-летнему возрасту перегоняет в росте последнего на целый год. Общий темп роста довольно хороший: ежегодный линейный прирост в первые годы составляет около 5,5-7,5 см и начинает затухать лишь с 5-летнего возраста.\nПищей для подуста служит главным образом перифитон, т.е. водоросли, которые он соскабливает с камней, затонувших деревьев, коряг, подводных частей растений и других предметов. Поедает различных ракообразных, личинок насекомых.\nПо данным промысловой статистики, ежегодные уловы подуста составляют 200-400 ц в год. При интенсификации лова рыбы на речных участках значение подуста может возрастать. Мясо подуста довольно вкусное, но, к сожалению, быстро портится, не выдерживает перевозок и длительного хранения.\nПодуста ловят поплавочными удочками в проводку с берега и с лодки. Ловля его сложнее, чем ловля ельца и язя, так как клев его очень неверный, требующий быстрой подсечки.\nВесной подуста ловят в начале спада полой воды около берегов, вблизи впадающих в реку ручьев или в их устьях. Однако настоящее ужение его начинается в разгар лета, особенно если стоит тихая и жаркая погода. Брать подуст начинает с рассветом, но сильный клёв наблюдается с восходом солнца и продолжается до 10 час, возобновляясь затем с 4 час. дня и уже не ослабевая до сумерек.;podust
28;Ряпушка;Белорусское название - рапушка, еурапейская рапуш-ка, сялява, местные - ряпушка, селява.\nВ Беларуси обитает в ряде озер Белорусского поозерья (бассейн Западной Двины) и в оз. Нарочь (бассейн р. Вилии). К сожалению, количество ряпушковых озер постепенно сокращается: если в 20-х годах их насчитывалось более 40, то уже к началу 60-х годов ряпушка регистрировалась лишь в 14, а затем малочисленные популяции ее сохраняются только в крупных глубоководных озерах Нарочь, Мядель, Дрисвяты, Дривяты, Снуды, Струсто и др.\nВ 1981 году, ы связи резким сокращением уловов, по предложению ученых, ряпушка была включена в Красную Книгу Белорусской ССР, как редкий вид. Впоследствии были начаты работы по ее искусственному воспроизводству, и из Красной Книги она была исключена.\nПресноводная озерная рыба, но может жить и в опресненных участках морей. Относится к числу рыб с очень коротким жизненным циклом, редко живет более 5 лет. Очень требовательна к качеству воды, поэтому не живет в мелких эвтрофных озерах, где вода часто прогревается до дна и образует дефицит кислорода. Обитает в открытой части относительно больших гетеротермных озер с большими и умеренными глубинами.\nНарочанская ряпушка становится половозрелой уже на втором году жизни, чем отличается от ряпушки более северных озер, в браславских озерах может становиться половозрелой на 2-м году, но основная масса созревает лишь на 3-м году. Нерестится осенью, обычно в конце октября - ноябре, при температуре воды около'2,5-3°С.\nРяпушка является самой малой рыбой рода сигов. Максимальная ее длина до 25 см, масса до 400 г. В промышленных уловах масса, как правило, около 50-70 г. В озерах Беларуси обитают так называемые крупные и мелкие формы ряпушки. На её размеры решающее влияние оказывает гидрологический режим воды.\nРяпушка является одним из немногих планктонофагов в нашей ихтиофауне. В её пищевом рационе наиболее часто встречаются мелкие планктонные ракообразные, нередки диатомовые и сине-зеленые водоросли.\nВ силу высокой требовательности к условиям обитания и невысокой эффективности воспроизводства, численность, а значит, и уловы ряпушки в озерах Беларуси подвергались большим колебаниям.\nВ настоящее время Институтом рыбного хозяйства разработана «Технология по искусственному воспроизводству и расселению ряпушки в озера Беларуси» и Министерство природы принимает безотлагательные меры по восстановлению запасов этой ценной рыбы.;ryapushka
29;Сом Европейский;Относится к рыбам семейства сомовых (Siluridae) отряда сомообразных (Siluriformes).\nАборигенный вид рыб, обитающий во многих естественных водоемах Беларуси.\nВедет сумеречный и ночной образ жизни, на кормежку выходит после захода солнца и охотится до рассвета. Днем же лежит неподвижно в своем убежище. Интенсивно питается в течение всего лета, к осени жор ослабевает и совсем прекращается при значительном похолодании воды. Пищу добывает преимущественно из засады, втягивая приблизившуюся жертву в свою огромную пасть вместе с током воды. Не любит мутной воды, в дождливую погоду поднимается к поверхности, где вода несколько чище.\nПоловой зрелости достигает на 4—5-м году жизни. Икрометание происходит в прибрежной зоне, в зарослях подводной растительности, при температуре не ниже 18-20°С.\nСом является самой крупной рыбой наших водоемов, может достигать 2,5 м длины и 200 кг массы. Однако такие экземпляры в наших водоемах уже не встречаются. В литературе имеются данные о вылове сома массой до 93 кг, чаще масса составляет от 32 до 63 кг. Обычными в уловах бывают сомики около 5-8, реже до 15 кг массой.\nОбладает высоким темпом роста, достигая товарной массы на втором году жизни. В возрасте одного года достигает длины 20 см, а к четырем годам - 50-60 см длины и 1-1,5 кг массы, к 10-летнему возрасту -1м длины и 6-8 кг массы.\nСом потребляет сорную, больную и погибшую рыбу, являясь тем самым биомелиоратором водоемов, создающим благоприятные условия для выращивания других объектов прудовой поликультуры.\nМясо сома вкусное и питательное, поэтому он издавна считается важной промысловой рыбой. Усиленный вылов сома, в особенности браконьерское глушение взрывчатыми веществами, привели к тому, что в настоящее время эта рыба стала редкостью. По биохимическому составу мясо сома близко к мясу осетровых рыб.\nСом также перспективен для выращивания в прудовых хозяйствах В Институте рыбного хозяйства разработана технология воспроизводства и товарного выращивания европейского сома эколого-физиологическим способом, позволяющая получать дополнительно 300 кг/га рыбной продукции.;som_evropeyskiy
30;Судак;Относится к рыбам семейства окуневых (Percidae) большого отряда окунеобразных (Perciformes).\nЯвляется одной из основных наиболее ценных промысловых рыб естественных водоемов. В Беларуси обитает во всех крупных реках, водохранилищах и многих озерах. В рыбохозяйственных целях проводилось неоднократное зарыбление им новых, перспективных для его обитания озер.\nОбщая окраска достаточно пестрая, спина зеленовато-серая, на боках 8-12 буровато-черных поперечных полос, брюхо белое, на спинных и хвостовом плавниках ряды темных пятен в промежутках между лучами, прочие плавники бледно-желтые.\nПредпочитает места с чистой проточной водой, с песчаным и каменисто-галечным дном, с температурами около 14-18°С. Заболоченных, сильно зарастающих и загрязненных водоемов избегает, так как весьма чувствителен к качеству воды и к количеству растворенного в ней кислорода. Ведет преимущественно одиночный образ жизни, только мелкие судачки встречаются небольшими стайками.\nПоловозрелыми самки становятся в возрасте 4—7 лет, самцы в массе - на год раньше. Икрометание происходит в мае - июне, когда температура воды поднимается выше 15—16°С. Нерест единовременный, происходит ночью или на утренней заре, чаще на мелководье.\nРастет судак довольно быстро и в этом отношении уступает лишь немногим рыбам. Достигает 100-130 см длины и 20 кг массы. В уловах обычны особи длиной до 50-70 см массой до 2-4 кг.\nСудак является типичным хищником, питается главным образом мелкой рыбой - снетком, уклеей, плотвой, ельцом, пескарем, окунем и является очень хорошим биологическим мелиоратором рыбопромысловых водоемов.\nДля увеличения численности судака, наряду с обеспечением нормального воспроизводства, необходимо проводить систематическое зарыбление пригодных для его обитания водоемов, в том числе и основных рыбопромысловых рек. За последние годы в Беларуси проведена значительная работа по зарыблению судаком ряда крупных озер.;sudak
31;Сырть (Рыбец);Относится к рыбам семейства карповых (Cyprinidae) отряда карпообразных (Cypriniformes).\nВ Беларуси сырть в небольшом количестве обитает в некоторых реках бассейна Немана, Западной Двины, Западного Буга и в верховьях Днепра. В последнее время чаще встречается выше г. Орши и лишь единичными экземплярами на равнинных участках. В связи с резким падением численности сырти она, по предложению ученых, с 1981 г. включена в Красную Книгу, как вид, которому угрожает полное исчезновение из пресноводной ихтиофауны республики.\nОкраска тела серебристая, в период нереста становится очень яркой, спина и бока могут быть темными, середина брюха и парные плавники красноватыми, у самцов на голове и на передней части тела появляются эпителиальные белесоватые бугорки, так называемая «жемчужная сыпь». В это время сырть бывает самой красивой рыбой среди прочих ее пресноводных сородичей. После нереста яркая окраска исчезает, постепенно приобретает темно-синие тона на спине и боках и серебристый тон на остальных частях тела.\nВ водоемах Беларуси она является чисто пресноводной рыбой, никогда не уходящей в море. Об этом свидетельствует и то, что возможные миграционные пути ее по Днепру, Неману и Западной Двине уже давно перекрыты плотинами электростанций, а сырть в этих реках обитает до сего времени. Годовой цикл жизни сырти в наших водоемах пока изучен недостаточно. Известно, что она постоянно ведет стайный образ жизни, причем стада, как правило, формируются из рыб одинаковых размеров и возраста. Обитает в реках и связанных с ними озерах с хорошей проточностью. На пойменные участки заходит только в период половодья, но с началом спада паводковых вод немедленно покидает их, выходя в русла рек. В реках придерживается глубоких мест с довольно сильным течением и свежей водой, держится ниже каменистых перекатов.\nПоловозрелой становится в возрасте 4 лет. Икрометание единовременное. Нерестится довольно поздно, при температуре воды около 11-13°С, обычно около середины мая, на глубоких участках рек с быстрым течением, со свежими наносами крупнозернистых песчаных грунтов.\nПо литературным данным, сырть достигает длины 50 см и массы 3 кг. Максимальная продолжительность жизни до 15 лет. В уловах обыкновенны особи до 30 см и массой до 500 г. Темп роста сырти в водоемах Беларуси довольно высокий. В первые годы линейные приросты составляют 5-7 см и начинают затухать лишь с 5-го года. Масса в 3-летнем возрасте достигает 50-90 г, в 4-летнем - 100-180 г, в 5-летнем 190-290 г, в 6-летнем - 275-360 г.\nПромысловые уловы сырти в водоемах Беларуси невелики из-за ее малочисленности. Как правило, лов сырти производится главным образом на путях ее ската с нерестилищ. Особый вред при этом приносит перегораживание рек сетями, что ведет к сильному перелову стада производителей этой весьма ценной рыбы. Промысловой статистикой отдельно уловы сырти не учитываются, а идут вместе с другими рыбами. В местах своего обитания сырть является излюбленным объектом спортивного рыболовства, в большом количестве вылавливается браконьерами.\nИз всех карповых рыб сырть является самой ценной промысловой рыбой, отличается нежным и вкусным мясом, значительно превосходящим в этом отношении мясо леща. Повсеместно населением предпочитается всем другим рыбам. При организации рационального рыбного хозяйства вопросам всемерного увеличения численности сырти должно уделяться большое внимание во всех речных бассейнах. Для усиления естественного воспроизводства перспективным может быть метод создания на питающих водохранилища реках искусственных гравийно-песчаных насыпей, на которых сырть могла бы нереститься.;sirt_ribets
32;Толстолобик;Относится к рыбам семейства карповых (Cyprinidae).\nВ Беларуси, равно как и в Европе, в России, на Украине и в Средней Азии, носит название белого, или обыкновенного, толстолобика.\nЕстественный ареал распространения — реки равнинного типа бассейна Амура, от Благовещенска до низовьев, реки Сунгари, Уссури, Зее, Аргунь, озеро Ханка и материковые водоемы Китая, на юг до Гуанчжоу (Кантон).\nВпервые в Беларусь завезен в селекционно-пленной участок Института рыбного хозяйства «Изобелино» для акклиматизации и рыборазведения, в настоящее время выращивается в прудовых хозяйствах Республики.\nОчень требователен к количеству растворенного в воде кислорода, поэтому загрязненных водоемов избегает.\nСроки наступления половой зрелости белого толстолобика тесно связаны с температурными и кормовыми условиями среды обитания. На юге ареала половозрелость наступает в 3-4 года, в Амуре (северная граница ареала) - в 8-9 лет при длине тела около 50 см. В водоемах-охладителях ГРЭС созревают на 3-4 года раньше, чем в р. Амур.\nВоспроизводство толстолобиков в условиях Беларуси возможно лишь заводским методом путем искусственной инкубации икры и последующего подращивания молоди на специальных рыбозаводах с искусственным подогревом воды. Икру и молоки от них получают с помощью гипофизарных инъекций, инкубируют в специальных аппаратах.\nЦенная промысловая и быстрорастущая рыба. В р. Янцзы (Китай) доживает до 20-летнего возраста, достигают 1 м длины и 16 кг массы, изредка 1,3 м длины и 30 кг массы. В условиях Беларуси, при выращивании в прудах, сеголетки достигают массы 15-20 г, двухлетки - 250-300 г, трехлетки - около 1200 г., 4-5-летки - до 3-7 кг. В холодные годы приросты снижаются.\nБелый толстолобик легко скрещивается с пестрым. Гибриды, по сравнению с исходными видами, обладают более повышенной жизнестойкостью, темпом роста, большой пластичностью в отношении питания, несколько большей продуктивностью. Поэтому в условиях Беларуси являются наиболее перспективными объектами поликультуры в прудовом и озерном рыбоводстве.\nРекомендуется для выращивания в качестве дополнительного объекта поликультуры прудовых рыб в условиях тепловодных хозяйств.\nКак пищевой продукт толстолобик представляет большой интерес. Мясо его вкусное, нежное, может быть весьма ценным объектом диетического питания. Содержит от 4,5 до 23,5% жира, среднее количество - 8,3-13,1%. Жирность увеличивается по мере увеличения размеров рыбы.;tolstolobik
33;Угорь;Относится к единственному семейству пресноводных угрей (Anguillidae) большого отряда угреобразных (Anduilliformes), преимущественно морских рыб.\nВо взрослом состоянии распространен в пресных водах Европы от Белого до Черного морей, в бассейне последнего встречается редко, преимущественно в Дунае. Обычен в реках и озерах Прибалтики и Беларуси, где имеет промысловое значение. Единично встречается в верховьях Волги и Днепра. В водоемы Беларуси ранее в достаточных количествах входил естественным путем из Балтийского моря, однако с усилением промысла, зарегулирования рек плотинами и загрязнения водоемов, естественные заходы почти полностью прекратились. В настоящее время промысловое стадо создается за счет систематического зарыб-ления озер молодью, завозимой из стран западной Европы.\nПо образу жизни пресноводные угри отличаются от всех прочих рыб. Все проходные рыбы обычно живут и нагуливаются в море, а в пресные воды входят лишь для размножения. Угорь же, наоборот, во взрослом состоянии живет, нагуливается и созревает в пресных водах, но для размножения скатывается в океан.\nВ период жизни в пресных водах угри малотребовательны к качеству воды и к содержанию кислорода. Наиболее благоприятными для них являются хорошо прогреваемые заиленные озера, имеющие богатый бентос и обилие мелкой рыбы. Угорь ведет ночной образ жизни, а светлое время суток проводит в убежище, чаще всего зарывшись в грунт, выставив из него лишь переднюю часть головыб при опасности он полностью прячется в грунт.\nУстановлено, что угорь обладает способностью кожного дыхания, поэтому некоторое время может жить вне воды, но обязательно во влажном месте. Он может непродолжительное время передвигаться по влажной траве, на сухом месте и на песке быстро обсыхает и прекращает движение.\nПоловая зрелость у самок наступает на 7-9 году жизни в пресных водах. Однако не все самки после достижения половозрелости мигрируют в море, даже в тех случаях, когда на путях ската нет никаких препятствий.\nТак в водоемах Беларуси встречаются угри в возрасте 20-25 лет в пресной воде. Основная же масса угрей на путях ската в море имеет возраст 8-13 лет. У самцов половая зрелость наступает раньше, на 5-7 году жизни, при значительно меньших размерах.\nУгри могут достигать 1,5 м длины и 6 кг массы. В водоемах Беларуси вылавливали угрей длиной до 119 см и массой до 3,6 кг. Обычными в уловах являются особи размером до 100 см длины и массой 2,5-3,0 кг. Все эти данные относятся к самкам угрей. Самцы же, обитающие в солоноватых водах морей, приморских заливов и в устьях рек, достигают длины лишь до 50 см и массы 200-250 г.\nИз всех видов семейства угревых европейский угорь является самым важным, имеющим большое промысловое значение. Общие уловы его составляют около 400 тыс. центнеров. Нежное мясо угря - весьма высококачественный продукт питания, особенно ценится в копченом виде, содержит около 28-32% жира. Поэтому угорь повсеместно является объектом искусственного разведения на внутренних водоемах.\nВысокая жизнестойкость угря, способность успешно защищаться от врагов, всеядность и неприхотливость к условиям обитания являются ценными качествами его как промысловой рыбы. Особенно хороший прирост угорь дает в высококормных прудах, в которые подсаживался в качестве добавочной рыбы к карпу. Годовой прирост его здесь в среднем достигал 250-300 г. Поэтому, помимо работ по всемерному зарыблению угрем естественных водоемов, он представляет большой интерес как объект для прудового и бассейнового рыбоводства.;ugor
34;Уклея;Белорусское название - уклея, верхаводка, местные - уклейка, оклейка, верхаводка, верховка, селявка, на Днепре - сибель.\nВ Беларуси широко распространена во всех реках, водохранилищах, проточных озерах, прудах и пойменных водоемах с проточной водой и песчаным дном. Везде многочисленна.\nПелагическая рыба, придерживается открытых участков водоемов с замедленным течением. На мелких и быстрых перекатах бывает редко. Большими косяками держится у водопадов, мельничных омутов, у плотин, купален, около сточных труб и в других местах, где для нее имеется обильное питание. Заросших и заболоченных участков избегает.\nВедет дневной и сумеречный образ жизни, ночью же бывает неподвижной и стоит где-либо у края травянистых зарослей, под нависшими кустами, в местах со слабым течением.\nПоловозрелой становится на 3-м году жизни. Икрометание порционное, происходит обычно в 5-6 приемов, с промежутками между ними в 10-15 дней. Нерест продолжается с конца мая при температуре воды не ниже 15°С до конца июля.\nОбычные размеры уклеи - около 10 см, и лишь отдельные особи достигают 15-20 см длины и 60 г массы. Прирост лишь в первые два года составляет около 4 см, а затем резко падает. Прирост составляет всего несколько граммов в год.\nВ силу мелких размеров и низкого темпа роста уклея не представляет особой рыбохозяйственной ценности, но в силу высокой численности доля ее в уловах бывает значительной.\nНе может считаться желательной рыбой в ихтиокомплексе рыбопромысловых водоемов, так как является серьезным конкурентом в питании молоди ценных промысловых видов по зоопланктону, взрослых - по личинкам насекомых и другим пищевым объектам, в большом количестве истребляет икру и молодь ценных видов.;ukleya
35;Усач;Белорусское название - вусач, мiрон, местные - усач, на Днепре – мирон.\nВ Беларуси типичная форма обитает в реках бассейнов Западного Буга и Немана. В Немане чаще встречается на участке до г. Мосты, выше по течению немногочисленней. Днепровский усач обычен лишь на верхнем участке Днепра, в районе Орша-Дубровно, ниже по течению и в притоках также немногочислен. Ранее в этих местах усач ловился в значительных количествах, но за последние десятилетия стал попадаться в уловах единичными экземплярами. В связи с этим, по предложению ученых, с 1981 г. усач включен в Красную Книгу Белорусской ССР как вид, численность которого сильно уменьшается и имеется угроза полного исчезновения его из белорусской ихтиофауны.\nКрупная быстрорастущая рыба. Главными местами обитания усача служат участки рек с каменистым и галечным дном и быстрым течением, однако рек с холодной водой он избегает. Не водится в заводях и местах с илистым дном. Ведет оседлый образ жизни и больших миграций не совершает, но в пределах района своего обитания постоянно кочует с места на место. Молодь усача обитает на мелких песчаных перекатах, обычно вместе с пескарем, отличаясь от них более мелкой чешуей и желтоватой окраской.\nПоловое созревание у самок наступает в возрасте 4 лет при длине тела 30-35 см. Самцы же созревают уже на втором году жизни при длине тела 9-15 см. Нерест начинается в мае, при температуре воды не ниже 15°С - и продолжается до конца июня, происходит на глубоких местах с каменистым или песчано-галечным грунтом.\nРастет усач довольно быстро и достигает размеров 90 см длины и 10 кг массы. Обычные размеры в уловах - 50-60 см длины и до 3 кг массой. Днепровский усач растет несколько быстрее Неманского. Наиболее интенсивно растут самки днепровского усача, которые уже в трехлетнем возрасте обгоняют в росте четырехлетних усачей из Немана. Рост самцов сильно замедлен. Линейные приросты в первые 4 года у самок днепровского усача составляют 7,5-8,5 см, у неманского 5,5-6,5 см. Масса уже в 3-летнем возрасте превышает 100 г, в 4-летнем - 220 г, в 5-летнем - 425 г, в 6-летнем - 650 г.\nРанее некоторое промысловое значение усач имел в речных уловах на Немане и Днепре. По данным промысловой статистики, общие уловы в отдельные годы достигали 4-5 ц, максимальные были в 1963 г. (12 ц) и в 1964 г. (17,8 ц).\nДля восстановления промысловой численности усача необходимо установить полный запрет на его вылов в течение ряда лет, ужесточить штрафные санкции за вылов, приемку и торговлю этой рыбой, усилить действенную борьбу с браконьерством, проведение работ по мелиорации нерестилищ и ряд других.;usach
36;Щука;Белорусское название - шчупак, местные - щука, Щупак.\nОтносится к семейству щуковых (Esocidae) подотряда щуковидных (Esocoidei).\nВ Беларуси обитает во всех больших и малых реках, водохранилищах, озерах, пойменных водоемах, прудах и даже небольших сажалках и гарях, куда проникает в период весеннего половодья.\nОбщий окрас тела имеет маскировочное значение, обычно серо-зеленоватый, серо-желтоватый или серо-бурый, спинка всегда темнее, по бокам темные пятна, часто в виде узких полос. Непарные плавники желтовато-серые, иногда бурые, с множеством темных пятен, парные, как правило, оранжевого цвета. С возрастом окраска становится более темной, изменяется также в зависимости от условий окружающей среды.\nЧисто пресноводная рыба. Обычно держится в неглубоких, зарастающих местах, как правило, у берегов, в тени нависших над водой кустарников, в захламленных местах. Лишь крупные щуки обитают на глубине, откуда выходят к берегам и в толщу воды на кормежку утром или тихими вечерами. Умеренно требовательны к количеству растворенного в воде кислорода: угнетение дыхания наступает лишь при снижении его содержания до 2-3 мг/л, в заморных водоемах, как правило, погибает.\nПоловозрелой щука становится на третьем-четвертом а при благоприятных условиях - и на втором году жизни. Самцы созревают несколько раньше самок. Нерест происходит ранней весной, когда начинает трогаться лед, протекает довольно бурно, на небольших глубинах в прибрежной зоне озер и на пойме рек, наиболее интенсивно происходит вечером и ранним утром.\nРастет щука весьма быстро и в этом отношении в наших водоемах уступает лишь сому. Щука может достигать размеров 1,5 м длины и 30-35 кг массы, обычны же в уловах размеры до 5-8, чаще 0,5-2 кг массы.\nВ уловах из естественных водоемов Беларуси занимает третье место, уступая лишь общему вылову плотвы и леща. В качестве биологического мелиоратора и как добавочная рыба в карповодстве, с успехом выращивается в прудовых хозяйствах, где за один сезон вырастает от малька до 200 - 400-граммовой товарной рыбы.\nМясо щуки тощее, содержит всего около 2-3% жира, является ценным диетическим продуктом питания, особенно в свежем виде. Однако щука не может быть предметом специального рыбоводства, так как на выращивание единицы массы ей требуется 8-10 единиц массы других рыб.\nЕжегодно в прудовых хозяйствах выращивается от 200 до 1000 ц щуки.\nШироко используется, как объект любительского рыболовства.;schuka
37;Язь;Относится к рыбам семейства карповых (Cyprinidae).\nВ Беларуси широко распространен во всех реках, пойменных водоемах и озерах.\nОбщая окраска язя темноватая, с золотистым отливом, спина и верхняя часть боков, вплоть до боковой линии, темно-синяя, нижняя - белесоватая, брюхо серебристое. Спинной и хвостовой плавники темные, изредка красноватые, остальные красные. Молодые язи имеют более светлую окраску, плавники заметно бледнее, чем у взрослых.\nЯзь относится к рыбам, проявляющим активную жизнедеятельность в течение всего года. Молодь язя держится в водоемах небольшими стайками, крупные ведут одиночный образ жизни. В реках обитает преимущественно на равнинных участках, придерживается глубоких заводей с тихим течением, рек с быстрым течением и холодной водой избегает. Заходит в пойменные озера, старицы, проточные озера с чистой водой. Предпочитает участки с глинистым, слегка заиленным грунтом.\nПоловозрелыми становятся на 4-5-м году жизни, при длине тела около 25 см. Икрометание единовременное, происходит очень рано, почти сразу же после щуки, когда температура воды поднимается до 5,5°С и выше, что в условиях Беларуси бывает в конце марта - начале апреля.\nЯзь относится к числу ценных среднерастущих рыб, интенсивность прироста его не снижается вплоть до 8-9-летнего возраста. Отдельные экземпляры могут достигать 70 см длины и 6-8 кг массы. Обычными в уловах являются рыбы массой 1-1,5 кг. В первые годы жизни линейные размеры увеличиваются на 5-6 см и замедляются лишь с 5-6-летнего возраста.\nЯзь имеет довольно существенное промысловое значение, однако уловы его статистикой учитываются неполно, мелкий язь включается в группу «мелочь». По данным промысловой статистики, учтенный вылов язя в водоемах Беларуси до середины 60-х годов достигал 375 центнеров, или около 1,5% от общего улова рыбы из естественных водоемов. За последние годы уловы снизились, составляют около 75-200 ц в год. Перспективы использования язя промыслом, несомненно, более значительны.\nОбладая довольно высоким темпом роста и занимая обособленные от других видов места обитания, язь должен занять в рыбном хозяйстве более высокое место.\nСущественное значение он имеет также как объект любительского рыболовства.;yaz
